<?xml version="1.0" encoding="UTF-8"?>
<!DOCTYPE mapper 
	PUBLIC "-//mybatis.org//DTD Mapper 3.0//EN" 
	"http://mybatis.org/dtd/mybatis-3-mapper.dtd">
<mapper namespace="com.itwill.guest.mapper.GuestMapper">
	<select id="selectAll" resultType="Guest">
		select * from guest
	</select>
	
	<select id="selectByNo" 
			parameterType="int" 
			resultType="com.itwill.guest.Guest">
		select * from guest where guest_no=#{guest_no}
	</select>
	
	<insert id="insertGuest" 
			parameterType="com.itwill.guest.Guest">
		insert into guest values(guest_no_seq.nextval,
								#{guest_name},sysdate,
								#{guest_email},#{guest_homepage},
								#{guest_title},#{guest_content})	
	</insert>
	
	
	 
	 <update id="updateGuest" 
	 		 parameterType="com.itwill.guest.Guest">
	 	update guest set
	 		guest_name=#{guest_name},
	 		guest_date=to_date(#{guest_date},'YYYY/MM/DD'),
	 		guest_email=#{guest_email},
	 		guest_homepage=#{guest_homepage},
	 		guest_title=#{guest_title},
	 		guest_content=#{guest_content}
		where guest_no=#{guest_no}
	 </update>
	 
	 <delete id="deleteGuest" parameterType="int">
	 	delete from guest where guest_no=#{guest_no}
	 </delete>
 	 
	<!-- 	
	<insert id="insertGuest" 
			parameterType="com.itwill.guest.Guest">
		<selectKey keyProperty="guest_no" order="BEFORE" resultType="int">
			select guest_no_seq.nextval from dual
		</selectKey>	
		insert into guest values(#{guest_no},
								#{guest_name},sysdate,
								#{guest_email},#{guest_homepage},
								#{guest_title},#{guest_content})	
	</insert>
	 -->
	 
	 
	 
	 
	 
	 
	 
	 
	 
</mapper>